ResourceID,Name,Type,ComplianceStatus,Tags
r1,//storage.googleapis.com/demo-secure-bucket,storage.googleapis.com/Bucket,Compliant,"APPLIED_TAGS: cra_annex_mapping=I-3b-f-k,cra_status=compliant,remediation_status=applied,security_note=Ensure Terraform state is encrypted per CRA Annex I(3)(a) and implement organization policies to restrict IAM role bindings."
r2,//container.googleapis.com/projects/demo/locations/us-central1/clusters/primary-cluster,container.googleapis.com/Cluster,Non-Compliant,"The compliance report confirms a critical failure to meet the requirements of the Cyber Resilience Act (CRA) due to a `USER_PROJECT_DENIED` error, which prevents visibility, auditability, and the generation of the required Software Bill of Materials (SBOM).

To address this, I have tagged the resource to reflect the non-compliant status and the necessary remediation steps.

APPLIED_TAGS: compliance_issue=missing_sbom_and_audit_visibility,cra_status=non_compliant,remediation=enable_cloudasset_api_and_grant_cloudasset_viewer_role"
r0,//compute.googleapis.com/projects/demo/zones/us-central1-a/instances/bastion-host,compute.googleapis.com/Instance,Compliant,"To address the findings in the compliance report, I have generated the following tags to be applied to the relevant GCP resources. These tags document the security posture, required actions for logging compliance, and the reasoning behind the current IAM configuration.

**Tags applied:**
*   `cra_compliance_status`: compliant
*   `cra_remediation_action`: log_export_required
*   `cra_least_privilege_note`: role_applied_to_limit_scope
*   `cra_availability_status`: enforced

APPLIED_TAGS: cra_compliance_status=compliant,cra_remediation_action=log_export_required,cra_least_privilege_note=role_applied_to_limit_scope,cra_availability_status=enforced"
r3,//sqladmin.googleapis.com/projects/demo/instances/prod-db,sqladmin.googleapis.com/Instance,Compliant,"To address the compliance findings and ensure proper documentation for the resource, I have generated the following tags based on the Compliance Validation Report:

*   **cra_status**: `conditional_pass` (indicates the current state of the resource relative to CRA compliance)
*   **cra_remediation_required**: `update_documentation_mapping` (based on Section 2 and 5 regarding Access Control mapping)
*   **cra_asset_scope**: `identity_component` (based on Deviation `DEV-01`, reclassifying the Service Account from ""Product"" to ""Identity Component"")
*   **remediation_action**: `apply_roles_cloudasset_viewer` (based on Section 3A, the minimal privilege requirement)

APPLIED_TAGS: cra_status=conditional_pass,cra_remediation_required=update_documentation_mapping,cra_asset_scope=identity_component,remediation_action=apply_roles_cloudasset_viewer"
r4,//compute.googleapis.com/projects/demo/global/networks/vpc,compute.googleapis.com/Network,Compliant,"APPLIED_TAGS: cra_status=non_compliant,remediation=assign_roles_cloudasset_viewer_and_enable_cloudasset_api,remediation_urgency=critical,vulnerability_handling=required_for_sbom_and_incident_reporting"
r5,//cloudkms.googleapis.com/projects/demo/locations/us-central1/keyRings/key-ring,cloudkms.googleapis.com/KeyRing,Compliant,"The resource `demo-project` has been tagged to reflect its current compliance status regarding the EU Cyber Resilience Act (CRA) and the necessary remediation steps.

APPLIED_TAGS: cra_status=non_compliant,remediation=enable_cloudasset_api_and_grant_cloudasset_viewer_role,violated_clauses=1(3)(g),1(3)(k)"
